feature,importance
customer_segment_0,0.5141616192293965
txn_count,0.32638996992576663
avg_amount,0.1582867854847843
max_to_avg_ratio,0.0008078249638880398
max_amount,0.00017642579374239716
amount_range,0.0001650199802494983
customer_segment_2,7.3305705204437965e-06
customer_segment_1,5.024051652204748e-06
