feature,importance
customer_segment_2,0.5135375385314184
txn_count,0.3302749864788136
avg_amount,0.15497338741121824
max_to_avg_ratio,0.0008262897746938002
max_amount,0.00018810240207061822
amount_range,0.00018623428598872827
customer_segment_0,7.692518422767726e-06
customer_segment_1,5.768597373733398e-06
