feature,importance
customer_segment_2,0.5135375385314219
txn_count,0.33027500327379355
avg_amount,0.1549770931944409
max_to_avg_ratio,0.0008254977798655229
max_amount,0.00018885164869953674
amount_range,0.00018298140802843596
customer_segment_0,7.340227673580382e-06
customer_segment_1,5.693936076613464e-06
