{
  "best_k": 3,
  "silhouette_scores": {
    "2": 0.28749379086387844,
    "3": 0.30755299498324934,
    "4": 0.25222638748993537,
    "5": 0.2594721182649271,
    "6": 0.26104357523995664
  },
  "selected_silhouette_score": 0.30755299498324934,
  "num_customers": 18000,
  "feature_columns": [
    "txn_count",
    "total_spend",
    "avg_amount",
    "max_amount",
    "spend_per_txn_ratio",
    "max_to_avg_ratio",
    "amount_range",
    "txn_intensity"
  ],
  "segment_name_map": {
    "1": "Low Activity Customers",
    "0": "Regular Customers",
    "2": "High Value Customers"
  }
}