feature,importance
customer_segment_2,0.5117085412692756
txn_count,0.3291109107300664
avg_amount,0.15800552215022526
max_to_avg_ratio,0.0008200628645293853
amount_range,0.00017614592286749922
max_amount,0.00016478160523425341
customer_segment_0,7.077088290731789e-06
customer_segment_1,6.9583695110698745e-06
