{
  "best_k": 3,
  "silhouette_scores": {
    "2": 0.28732454106926886,
    "3": 0.3075395921535696,
    "4": 0.25197189576228535,
    "5": 0.25945661429401734,
    "6": 0.2609818485104287
  },
  "selected_silhouette_score": 0.3075395921535696,
  "num_customers": 18000,
  "feature_columns": [
    "txn_count",
    "total_spend",
    "avg_amount",
    "max_amount",
    "spend_per_txn_ratio",
    "max_to_avg_ratio",
    "amount_range",
    "txn_intensity"
  ],
  "segment_name_map": {
    "2": "Low Activity Customers",
    "1": "Regular Customers",
    "0": "High Value Customers"
  }
}