feature,importance
customer_segment_0,0.5141616192293991
txn_count,0.3263896963654885
avg_amount,0.15828793128548285
max_to_avg_ratio,0.0008056162242570561
max_amount,0.00017607023522512853
amount_range,0.00016691817207398487
customer_segment_2,7.439770106344216e-06
customer_segment_1,4.708717966953522e-06
