{
  "best_k": 3,
  "silhouette_scores": {
    "2": 0.28732774135044564,
    "3": 0.3075356089091275,
    "4": 0.25214117608524256,
    "5": 0.2594721182649153,
    "6": 0.2610746142342628
  },
  "selected_silhouette_score": 0.3075356089091275,
  "num_customers": 18000,
  "feature_columns": [
    "txn_count",
    "total_spend",
    "avg_amount",
    "max_amount",
    "spend_per_txn_ratio",
    "max_to_avg_ratio",
    "amount_range",
    "txn_intensity"
  ],
  "segment_name_map": {
    "1": "Low Activity Customers",
    "0": "Regular Customers",
    "2": "High Value Customers"
  }
}