feature,importance
customer_segment_2,0.5117085412692758
txn_count,0.3291103655965525
avg_amount,0.15800088372651916
max_to_avg_ratio,0.0008252832221546145
amount_range,0.0001750636109895306
max_amount,0.00016629955506636645
customer_segment_0,7.328083226773593e-06
customer_segment_1,6.23493621529698e-06
