{
  "best_k": 3,
  "silhouette_scores": {
    "2": 0.28749379086388166,
    "3": 0.3075529949832517,
    "4": 0.2522263874899423,
    "5": 0.259472118264941,
    "6": 0.2610435752399655
  },
  "selected_silhouette_score": 0.3075529949832517,
  "num_customers": 18000,
  "feature_columns": [
    "txn_count",
    "total_spend",
    "avg_amount",
    "max_amount",
    "spend_per_txn_ratio",
    "max_to_avg_ratio",
    "amount_range",
    "txn_intensity"
  ],
  "segment_name_map": {
    "1": "Low Activity Customers",
    "0": "Regular Customers",
    "2": "High Value Customers"
  }
}