feature,importance
customer_segment_2,0.5149683752031139
txn_count,0.326868062119663
avg_amount,0.15698908755321356
max_to_avg_ratio,0.0007957789765059695
amount_range,0.00018701090785089652
max_amount,0.00017818996323015892
customer_segment_0,8.980801206923296e-06
customer_segment_1,4.514475215624439e-06
