feature,importance
customer_segment_1,0.5121298706086803
txn_count,0.32977914971946315
avg_amount,0.1569322465362295
max_to_avg_ratio,0.0008132335479310717
amount_range,0.00016991985213417538
max_amount,0.00016726742830497018
customer_segment_0,4.618613973911389e-06
customer_segment_2,3.6936932828679126e-06
