channel,transaction_count,total_amount,avg_amount
ATM,116,142600.62,1229.3156896551723
ECOM,269,778303.38,2893.3211152416357
MOBILE,216,575586.9,2664.7541666666666
ONLINE_BANKING,111,452429.43,4075.940810810811
POS,217,461271.66,2125.675852534562
