transaction_hour,transaction_count,total_amount,avg_amount
12,5,7718.16,1543.632
17,32,100204.70999999999,3131.3971874999997
18,49,97021.46,1980.0297959183674
19,44,50695.43,1152.1688636363635
20,54,116884.99,2164.536851851852
21,745,2037667.24,2735.123812080537
