feature,importance
customer_segment_0,0.5138137176361505
txn_count,0.3263598734848301
avg_amount,0.1587139571299349
max_to_avg_ratio,0.0007503861519538368
max_amount,0.00017747075162147474
amount_range,0.00017057445740381174
customer_segment_1,8.78016729357434e-06
customer_segment_2,5.24022081188216e-06
