{
  "run_timestamp_utc": "2026-04-10T22:04:10.628025+00:00",
  "num_customers_scored": 9000,
  "best_k": 3,
  "segmentation_silhouette_score": 0.30755299498324934,
  "segment_distribution": {
    "High Value Customers": 3863,
    "Low Activity Customers": 3840,
    "Regular Customers": 1297
  },
  "ensemble_anomaly_rate": 0.026333333333333334,
  "ensemble_anomalies": 237,
  "severity_distribution": {
    "Normal": 8537,
    "Mildly Unusual": 226,
    "Strongly Unusual": 127,
    "Highly Unusual": 110
  },
  "average_risk_score": 0.4735271561059538,
  "high_risk_rate": 0.030333333333333334,
  "risk_bucket_distribution": {
    "Medium Risk": 8362,
    "Low Risk": 365,
    "High Risk": 273
  },
  "spend_prediction_mae": 1105.5666319445943,
  "spend_prediction_rmse": 2461.515637081489,
  "spend_prediction_r2": 0.9986663742663839,
  "spend_model_type": "RandomForestRegressor"
}