customer_segment,txn_count,total_spend,avg_amount,max_amount,spend_per_txn_ratio,max_to_avg_ratio,amount_range,txn_intensity,segment_name
0,-0.25006342091744,-0.5327477580135992,-0.5401981277515027,-1.890561504344487,-0.5401981277515027,-0.9266890352180444,-1.832414214437947,-0.5327477580135992,Regular Customers
1,-0.3497854067475158,-0.6523458109302683,-0.6069964689515,0.3220808180606013,-0.6069964689515,0.80064931114403,0.4972077631450331,-0.6523458109302683,Low Activity Customers
2,0.43166145970498926,0.8273315444255418,0.7847536661836554,0.31459174987887273,0.7847536661836554,-0.48474700391283226,0.12098457821617901,0.8273315444255418,High Value Customers
