{
  "best_k": 3,
  "silhouette_scores": {
    "2": 0.2873537076733079,
    "3": 0.3075705224576125,
    "4": 0.25173533789354285,
    "5": 0.2593612530638047,
    "6": 0.26082492254709166
  },
  "selected_silhouette_score": 0.3075705224576125,
  "num_customers": 18000,
  "feature_columns": [
    "txn_count",
    "total_spend",
    "avg_amount",
    "max_amount",
    "spend_per_txn_ratio",
    "max_to_avg_ratio",
    "amount_range",
    "txn_intensity"
  ],
  "segment_name_map": {
    "2": "Low Activity Customers",
    "0": "Regular Customers",
    "1": "High Value Customers"
  }
}