{
  "fraud_ratio": 0.024888888888888887,
  "feature_columns": [
    "txn_count",
    "total_spend",
    "avg_amount",
    "max_amount",
    "spend_per_txn_ratio",
    "max_to_avg_ratio",
    "amount_range",
    "txn_intensity"
  ],
  "models_trained": [
    "logistic_regression",
    "random_forest",
    "gradient_boosting",
    "xgboost",
    "isolation_forest"
  ],
  "logistic_regression": {
    "accuracy": 0.9325,
    "precision": 0.26605504587155965,
    "recall": 0.9666666666666667,
    "f1": 0.4172661870503597,
    "roc_auc": 0.9814529914529915,
    "pr_auc": 0.7095978127747481,
    "confusion_matrix": [
      [
        3270,
        240
      ],
      [
        3,
        87
      ]
    ]
  },
  "random_forest": {
    "accuracy": 1.0,
    "precision": 1.0,
    "recall": 1.0,
    "f1": 1.0,
    "roc_auc": 1.0,
    "pr_auc": 0.9999999999999998,
    "confusion_matrix": [
      [
        3510,
        0
      ],
      [
        0,
        90
      ]
    ],
    "feature_importance": {
      "txn_count": 0.25244932397710945,
      "total_spend": 0.3012689622494347,
      "avg_amount": 0.04347133621347617,
      "max_amount": 0.02788295476773829,
      "spend_per_txn_ratio": 0.04815205492777444,
      "max_to_avg_ratio": 0.018427321863633522,
      "amount_range": 0.011183136441812508,
      "txn_intensity": 0.2971649095590208
    }
  },
  "gradient_boosting": {
    "accuracy": 1.0,
    "precision": 1.0,
    "recall": 1.0,
    "f1": 1.0,
    "roc_auc": 1.0,
    "pr_auc": 1.0,
    "confusion_matrix": [
      [
        3510,
        0
      ],
      [
        0,
        90
      ]
    ]
  },
  "xgboost": {
    "accuracy": 0.9994444444444445,
    "precision": 0.9782608695652174,
    "recall": 1.0,
    "f1": 0.989010989010989,
    "roc_auc": 1.0,
    "pr_auc": 1.0,
    "confusion_matrix": [
      [
        3508,
        2
      ],
      [
        0,
        90
      ]
    ]
  },
  "isolation_forest": {
    "accuracy": 0.9553333333333334,
    "precision": 0.10267857142857142,
    "recall": 0.10267857142857142,
    "f1": 0.10267857142857142,
    "roc_auc": 0.8842851648977732,
    "pr_auc": 0.10465458292987725,
    "confusion_matrix": [
      [
        17150,
        402
      ],
      [
        402,
        46
      ]
    ]
  }
}